<?xml version="1.0" encoding="utf-8"?>
<ModelInformation Version="1.0">
  <Model>
    <P Name="SavedCharacterEncoding">windows-1252</P>
    <P Name="ScopeRefreshTime">0.035000</P>
    <P Name="OverrideScopeRefreshTime">on</P>
    <P Name="DisableAllScopes">off</P>
    <P Name="DataTypeOverride">UseLocalSettings</P>
    <P Name="DataTypeOverrideAppliesTo">AllNumericTypes</P>
    <P Name="MinMaxOverflowLogging">UseLocalSettings</P>
    <P Name="MinMaxOverflowArchiveMode">Overwrite</P>
    <P Name="FPTRunName">Run 1</P>
    <P Name="MaxMDLFileLineLength">120</P>
    <Object PropName="BdWindowsInfo" ObjectID="1" ClassName="Simulink.BDWindowsInfo">
      <Object PropName="WindowsInfo" ObjectID="2" ClassName="Simulink.WindowInfo">
        <P Name="IsActive" Class="logical">1</P>
        <P Name="Location" Class="double">[16.0, 52.0, 825.0, 462.0]</P>
        <Object PropName="ModelBrowserInfo" ObjectID="3" ClassName="Simulink.ModelBrowserInfo">
          <P Name="Visible" Class="logical">0</P>
          <P Name="DockPosition" Class="char">Left</P>
          <P Name="Width" Class="int32">50</P>
          <P Name="Height" Class="int32">50</P>
          <P Name="Filter" Class="int32">9</P>
        </Object>
        <Object PropName="ExplorerBarInfo" ObjectID="4" ClassName="Simulink.ExplorerBarInfo">
          <P Name="Visible" Class="logical">1</P>
        </Object>
        <Object PropName="EditorsInfo" ObjectID="5" ClassName="Simulink.EditorInfo">
          <P Name="IsActive" Class="logical">1</P>
          <P Name="ViewObjType" Class="char">SimulinkTopLevel</P>
          <P Name="LoadSaveID" Class="char">0</P>
          <P Name="Extents" Class="double">[775.0, 288.0]</P>
          <P Name="ZoomFactor" Class="double">1.0</P>
          <P Name="Offset" Class="double">[0.0, 0.0]</P>
        </Object>
      </Object>
    </Object>
    <ConfigManagerSettings>
      <P Name="UpdateHistory">UpdateHistoryNever</P>
      <P Name="ModifiedByFormat">%&lt;Auto&gt;</P>
      <P Name="ModifiedDateFormat">%&lt;Auto&gt;</P>
      <P Name="RTWModifiedTimeStamp">383217775</P>
      <P Name="ModelVersionFormat">1.%&lt;AutoIncrement:139&gt;</P>
    </ConfigManagerSettings>
    <EditorSettings>
      <P Name="SampleTimeColors">off</P>
      <P Name="SampleTimeAnnotations">off</P>
      <P Name="LibraryLinkDisplay">none</P>
      <P Name="WideLines">off</P>
      <P Name="ShowLineDimensions">off</P>
      <P Name="ShowPortDataTypes">off</P>
      <P Name="ShowDesignRanges">off</P>
      <P Name="ShowLoopsOnError">on</P>
      <P Name="IgnoreBidirectionalLines">off</P>
      <P Name="ShowStorageClass">off</P>
      <P Name="ShowTestPointIcons">on</P>
      <P Name="ShowSignalResolutionIcons">on</P>
      <P Name="ShowViewerIcons">on</P>
      <P Name="SortedOrder">off</P>
      <P Name="ExecutionContextIcon">off</P>
      <P Name="ShowLinearizationAnnotations">on</P>
      <P Name="ShowVisualizeInsertedRTB">on</P>
      <P Name="ShowMarkup">on</P>
      <P Name="BlockNameDataTip">off</P>
      <P Name="BlockParametersDataTip">off</P>
      <P Name="BlockDescriptionStringDataTip">off</P>
      <P Name="ToolBar">on</P>
      <P Name="StatusBar">on</P>
      <P Name="BrowserShowLibraryLinks">off</P>
      <P Name="BrowserLookUnderMasks">off</P>
    </EditorSettings>
    <SimulationSettings>
      <P Name="SimulationMode">normal</P>
      <P Name="PauseTimes">5</P>
      <P Name="NumberOfSteps">1</P>
      <P Name="SnapshotBufferSize">10</P>
      <P Name="SnapshotInterval">10</P>
      <P Name="NumberOfLastSnapshots">0</P>
      <P Name="LinearizationMsg">none</P>
      <P Name="Profile">off</P>
      <P Name="ParamWorkspaceSource">MATLABWorkspace</P>
      <P Name="AccelSystemTargetFile">accel.tlc</P>
      <P Name="AccelTemplateMakefile">accel_default_tmf</P>
      <P Name="AccelMakeCommand">make_rtw</P>
      <P Name="TryForcingSFcnDF">off</P>
      <Object PropName="DataLoggingOverride" ObjectID="6" ClassName="Simulink.SimulationData.ModelLoggingInfo">
        <P Name="model_" Class="char">cranetemplate</P>
        <Array PropName="logAsSpecifiedByModels_" Type="Cell" Dimension="1*1">
          <Cell Class="char">cranetemplate</Cell>
        </Array>
        <Array PropName="logAsSpecifiedByModelsSSIDs_" Type="Cell" Dimension="1*1">
          <Cell Class="char"></Cell>
        </Array>
      </Object>
    </SimulationSettings>
    <ExternalMode>
      <P Name="ExtModeBatchMode">off</P>
      <P Name="ExtModeEnableFloating">on</P>
      <P Name="ExtModeTrigType">manual</P>
      <P Name="ExtModeTrigMode">normal</P>
      <P Name="ExtModeTrigPort">1</P>
      <P Name="ExtModeTrigElement">any</P>
      <P Name="ExtModeTrigDuration">1000</P>
      <P Name="ExtModeTrigDurationFloating">auto</P>
      <P Name="ExtModeTrigHoldOff">0</P>
      <P Name="ExtModeTrigDelay">0</P>
      <P Name="ExtModeTrigDirection">rising</P>
      <P Name="ExtModeTrigLevel">0</P>
      <P Name="ExtModeArchiveMode">off</P>
      <P Name="ExtModeAutoIncOneShot">off</P>
      <P Name="ExtModeIncDirWhenArm">off</P>
      <P Name="ExtModeAddSuffixToVar">off</P>
      <P Name="ExtModeWriteAllDataToWs">off</P>
      <P Name="ExtModeArmWhenConnect">on</P>
      <P Name="ExtModeSkipDownloadWhenConnect">off</P>
      <P Name="ExtModeLogAll">on</P>
      <P Name="ExtModeAutoUpdateStatusClock">on</P>
    </ExternalMode>
    <ModelReferenceSettings>
      <P Name="ShowModelReferenceBlockVersion">off</P>
      <P Name="ShowModelReferenceBlockIO">off</P>
    </ModelReferenceSettings>
    <ConcurrentExecutionSettings>
      <Object PropName="DataTransfer" ObjectID="7" ClassName="Simulink.GlobalDataTransfer">
        <P Name="DefaultTransitionBetweenSyncTasks" Class="char">Ensure deterministic transfer (maximum delay)</P>
        <P Name="DefaultTransitionBetweenAsyncTasks" Class="char">Ensure data integrity only</P>
        <P Name="DefaultTransitionBetweenContTasks" Class="char">Ensure deterministic transfer (minimum delay)</P>
        <P Name="DefaultExtrapolationMethodBetweenContTasks" Class="char">None</P>
        <P Name="AutoInsertRateTranBlk" Class="logical">0</P>
      </Object>
      <P Name="ExplicitPartitioning">off</P>
    </ConcurrentExecutionSettings>
    <SystemDefaults>
      <P Name="PaperOrientation">landscape</P>
      <P Name="PaperPositionMode">auto</P>
      <P Name="PaperType">usletter</P>
      <P Name="PaperUnits">inches</P>
      <P Name="TiledPaperMargins">[0.500000, 0.500000, 0.500000, 0.500000]</P>
      <P Name="TiledPageScale">1</P>
      <P Name="ShowPageBoundaries">off</P>
      <P Name="ModelBrowserVisibility">off</P>
      <P Name="ModelBrowserWidth">200</P>
      <P Name="ScreenColor">white</P>
    </SystemDefaults>
    <BlockDefaults>
      <P Name="ForegroundColor">black</P>
      <P Name="BackgroundColor">white</P>
      <P Name="DropShadow">off</P>
      <P Name="NamePlacement">normal</P>
      <P Name="FontName">Helvetica</P>
      <P Name="FontSize">10</P>
      <P Name="FontWeight">normal</P>
      <P Name="FontAngle">normal</P>
      <P Name="ShowName">on</P>
      <P Name="BlockRotation">0</P>
      <P Name="BlockMirror">off</P>
    </BlockDefaults>
    <AnnotationDefaults>
      <P Name="HorizontalAlignment">center</P>
      <P Name="VerticalAlignment">middle</P>
      <P Name="ForegroundColor">black</P>
      <P Name="BackgroundColor">white</P>
      <P Name="DropShadow">off</P>
      <P Name="FontName">Helvetica</P>
      <P Name="FontSize">10</P>
      <P Name="FontWeight">normal</P>
      <P Name="FontAngle">normal</P>
      <P Name="UseDisplayTextAsClickCallback">off</P>
    </AnnotationDefaults>
    <LineDefaults>
      <P Name="FontName">Helvetica</P>
      <P Name="FontSize">9</P>
      <P Name="FontWeight">normal</P>
      <P Name="FontAngle">normal</P>
    </LineDefaults>
    <MaskDefaults>
      <P Name="SelfModifiable">off</P>
      <P Name="IconFrame">on</P>
      <P Name="IconOpaque">on</P>
      <P Name="RunInitForIconRedraw">off</P>
      <P Name="IconRotate">none</P>
      <P Name="PortRotate">default</P>
      <P Name="IconUnits">autoscale</P>
    </MaskDefaults>
    <MaskParameterDefaults>
      <P Name="Evaluate">on</P>
      <P Name="Tunable">on</P>
      <P Name="NeverSave">off</P>
      <P Name="Internal">off</P>
      <P Name="ReadOnly">off</P>
      <P Name="Enabled">on</P>
      <P Name="Visible">on</P>
      <P Name="ToolTip">on</P>
    </MaskParameterDefaults>
    <BlockParameterDefaults>
      <Block BlockType="Constant">
        <P Name="Value">1</P>
        <P Name="VectorParams1D">on</P>
        <P Name="SamplingMode">Sample based</P>
        <P Name="OutMin">[]</P>
        <P Name="OutMax">[]</P>
        <P Name="OutDataTypeStr">Inherit: Inherit from &apos;Constant value&apos;</P>
        <P Name="LockScale">off</P>
        <P Name="SampleTime">inf</P>
        <P Name="FramePeriod">inf</P>
        <P Name="PreserveConstantTs">off</P>
      </Block>
      <Block BlockType="Demux">
        <P Name="Outputs">4</P>
        <P Name="DisplayOption">none</P>
        <P Name="BusSelectionMode">off</P>
      </Block>
      <Block BlockType="DiscreteTransferFcn">
        <P Name="NumeratorSource">Dialog</P>
        <P Name="Numerator">[1]</P>
        <P Name="DenominatorSource">Dialog</P>
        <P Name="Denominator">[1 0.5]</P>
        <P Name="InitialStatesSource">Dialog</P>
        <P Name="InitialStates">0</P>
        <P Name="InputProcessing">Elements as channels (sample based)</P>
        <P Name="ExternalReset">None</P>
        <P Name="InitialDenominatorStates">0</P>
        <P Name="FilterStructure">Direct form II</P>
        <P Name="SampleTime">-1</P>
        <P Name="a0EqualsOne">off</P>
        <P Name="NumCoefMin">[]</P>
        <P Name="NumCoefMax">[]</P>
        <P Name="DenCoefMin">[]</P>
        <P Name="DenCoefMax">[]</P>
        <P Name="OutMin">[]</P>
        <P Name="OutMax">[]</P>
        <P Name="StateDataTypeStr">Inherit: Same as input</P>
        <P Name="MultiplicandDataTypeStr">Inherit: Same as input</P>
        <P Name="NumCoefDataTypeStr">Inherit: Inherit via internal rule</P>
        <P Name="DenCoefDataTypeStr">Inherit: Inherit via internal rule</P>
        <P Name="NumProductDataTypeStr">Inherit: Inherit via internal rule</P>
        <P Name="DenProductDataTypeStr">Inherit: Inherit via internal rule</P>
        <P Name="NumAccumDataTypeStr">Inherit: Inherit via internal rule</P>
        <P Name="DenAccumDataTypeStr">Inherit: Inherit via internal rule</P>
        <P Name="OutDataTypeStr">Inherit: Inherit via internal rule</P>
        <P Name="LockScale">off</P>
        <P Name="RndMeth">Floor</P>
        <P Name="SaturateOnIntegerOverflow">off</P>
        <P Name="StateMustResolveToSignalObject">off</P>
        <P Name="RTWStateStorageClass">Auto</P>
      </Block>
      <Block BlockType="From">
        <P Name="GotoTag">A</P>
        <P Name="IconDisplay">Tag</P>
        <P Name="TagVisibility">local</P>
      </Block>
      <Block BlockType="FromWorkspace">
        <P Name="VariableName">simulink_input</P>
        <P Name="OutDataTypeStr">Inherit: auto</P>
        <P Name="SampleTime">-1</P>
        <P Name="Interpolate">on</P>
        <P Name="ZeroCross">off</P>
        <P Name="OutputAfterFinalValue">Extrapolation</P>
      </Block>
      <Block BlockType="Gain">
        <P Name="Gain">1</P>
        <P Name="Multiplication">Element-wise(K.*u)</P>
        <P Name="ParamMin">[]</P>
        <P Name="ParamMax">[]</P>
        <P Name="ParamDataTypeStr">Inherit: Same as input</P>
        <P Name="OutMin">[]</P>
        <P Name="OutMax">[]</P>
        <P Name="OutDataTypeStr">Inherit: Same as input</P>
        <P Name="LockScale">off</P>
        <P Name="RndMeth">Floor</P>
        <P Name="SaturateOnIntegerOverflow">on</P>
        <P Name="SampleTime">-1</P>
      </Block>
      <Block BlockType="Goto">
        <P Name="GotoTag">A</P>
        <P Name="IconDisplay">Tag</P>
        <P Name="TagVisibility">local</P>
      </Block>
      <Block BlockType="Inport">
        <P Name="Port">1</P>
        <P Name="OutputFunctionCall">off</P>
        <P Name="OutMin">[]</P>
        <P Name="OutMax">[]</P>
        <P Name="OutDataTypeStr">Inherit: auto</P>
        <P Name="LockScale">off</P>
        <P Name="BusOutputAsStruct">off</P>
        <P Name="PortDimensions">-1</P>
        <P Name="VarSizeSig">Inherit</P>
        <P Name="SampleTime">-1</P>
        <P Name="SignalType">auto</P>
        <P Name="SamplingMode">auto</P>
        <P Name="LatchByDelayingOutsideSignal">off</P>
        <P Name="LatchInputForFeedbackSignals">off</P>
        <P Name="Interpolate">on</P>
      </Block>
      <Block BlockType="ManualSwitch">
        <P Name="CurrentSetting">1</P>
        <P Name="varsize">off</P>
        <P Name="SampleTime">-1</P>
      </Block>
      <Block BlockType="Mux">
        <P Name="Inputs">4</P>
        <P Name="DisplayOption">none</P>
        <P Name="UseBusObject">off</P>
        <P Name="BusObject">BusObject</P>
        <P Name="NonVirtualBus">off</P>
      </Block>
      <Block BlockType="Outport">
        <P Name="Port">1</P>
        <P Name="OutMin">[]</P>
        <P Name="OutMax">[]</P>
        <P Name="OutDataTypeStr">Inherit: auto</P>
        <P Name="LockScale">off</P>
        <P Name="BusOutputAsStruct">off</P>
        <P Name="PortDimensions">-1</P>
        <P Name="VarSizeSig">Inherit</P>
        <P Name="SampleTime">-1</P>
        <P Name="SignalType">auto</P>
        <P Name="SamplingMode">auto</P>
        <P Name="SourceOfInitialOutputValue">Dialog</P>
        <P Name="OutputWhenDisabled">held</P>
        <P Name="InitialOutput">[]</P>
      </Block>
      <Block BlockType="Scope">
        <P Name="DefaultConfigurationName">Simulink.scopes.TimeScopeBlockCfg</P>
        <P Name="NumInputPorts">1</P>
        <P Name="Floating">off</P>
      </Block>
      <Block BlockType="SubSystem">
        <P Name="ShowPortLabels">FromPortIcon</P>
        <P Name="Permissions">ReadWrite</P>
        <P Name="PermitHierarchicalResolution">All</P>
        <P Name="TreatAsAtomicUnit">off</P>
        <P Name="MinAlgLoopOccurrences">off</P>
        <P Name="PropExecContextOutsideSubsystem">off</P>
        <P Name="CheckFcnCallInpInsideContextMsg">off</P>
        <P Name="SystemSampleTime">-1</P>
        <P Name="RTWSystemCode">Auto</P>
        <P Name="RTWFcnNameOpts">Auto</P>
        <P Name="RTWFileNameOpts">Auto</P>
        <P Name="FunctionInterfaceSpec">void_void</P>
        <P Name="FunctionWithSeparateData">off</P>
        <P Name="RTWMemSecFuncInitTerm">Inherit from model</P>
        <P Name="RTWMemSecFuncExecute">Inherit from model</P>
        <P Name="RTWMemSecDataConstants">Inherit from model</P>
        <P Name="RTWMemSecDataInternal">Inherit from model</P>
        <P Name="RTWMemSecDataParameters">Inherit from model</P>
        <P Name="SimViewingDevice">off</P>
        <P Name="DataTypeOverride">UseLocalSettings</P>
        <P Name="DataTypeOverrideAppliesTo">AllNumericTypes</P>
        <P Name="MinMaxOverflowLogging">UseLocalSettings</P>
        <P Name="Opaque">off</P>
        <P Name="MaskHideContents">off</P>
        <P Name="SFBlockType">NONE</P>
        <P Name="GeneratePreprocessorConditionals">off</P>
        <P Name="ContentPreviewEnabled">off</P>
        <P Name="IsWebBlock">off</P>
      </Block>
      <Block BlockType="Sum">
        <P Name="IconShape">rectangular</P>
        <P Name="Inputs">++</P>
        <P Name="CollapseMode">All dimensions</P>
        <P Name="CollapseDim">1</P>
        <P Name="InputSameDT">on</P>
        <P Name="AccumDataTypeStr">Inherit: Inherit via internal rule</P>
        <P Name="OutMin">[]</P>
        <P Name="OutMax">[]</P>
        <P Name="OutDataTypeStr">Inherit: Same as first input</P>
        <P Name="LockScale">off</P>
        <P Name="RndMeth">Floor</P>
        <P Name="SaturateOnIntegerOverflow">on</P>
        <P Name="SampleTime">-1</P>
      </Block>
      <Block BlockType="Terminator">
      </Block>
    </BlockParameterDefaults>
    <System>
      <P Name="Location">[16, 52, 841, 514]</P>
      <P Name="Open">on</P>
      <P Name="TiledPaperMargins">[0.500000, 0.500000, 0.500000, 0.500000]</P>
      <P Name="ZoomFactor">100</P>
      <P Name="ReportName">simulink-default.rpt</P>
      <P Name="SIDHighWatermark">53</P>
      <Block BlockType="SubSystem" Name=" " SID="1">
        <P Name="Ports">[1, 3]</P>
        <P Name="Position">[165, 37, 235, 143]</P>
        <P Name="ZOrder">-1</P>
        <P Name="BackgroundColor">lightBlue</P>
        <P Name="NamePlacement">alternate</P>
        <P Name="LoadFcn">hwinit</P>
        <P Name="InitFcn">hwinit</P>
        <P Name="FontName">Arial</P>
        <P Name="FontSize">11</P>
        <P Name="FontWeight">bold</P>
        <P Name="ShowPortLabels">none</P>
        <P Name="RequestExecContextInheritance">off</P>
        <P Name="Variant">off</P>
        <Object PropName="MaskObject" ObjectID="8" ClassName="Simulink.Mask">
          <P Name="Display" Class="char">disp(&apos;Crane&apos;)</P>
          <Object PropName="Parameters" ObjectID="9" ClassName="Simulink.MaskParameter">
            <P Name="Type" Class="char">edit</P>
            <P Name="Name" Class="char">h</P>
            <P Name="Prompt" Class="char">Sampling period [s]</P>
            <P Name="Value" Class="char">h</P>
          </Object>
        </Object>
        <Port>
          <P Name="PortNumber">1</P>
          <P Name="Name">Angle</P>
          <P Name="RTWStorageClass">Auto</P>
          <P Name="DataLoggingNameMode">SignalName</P>
        </Port>
        <Port>
          <P Name="PortNumber">2</P>
          <P Name="Name">Position</P>
          <P Name="RTWStorageClass">Auto</P>
          <P Name="DataLoggingNameMode">SignalName</P>
        </Port>
        <Port>
          <P Name="PortNumber">3</P>
          <P Name="Name">Cable length</P>
          <P Name="RTWStorageClass">Auto</P>
          <P Name="DataLoggingNameMode">SignalName</P>
        </Port>
        <System>
          <P Name="Location">[16, 52, 841, 514]</P>
          <P Name="Open">off</P>
          <P Name="TiledPaperMargins">[0.500000, 0.500000, 0.500000, 0.500000]</P>
          <P Name="ZoomFactor">100</P>
          <Block BlockType="Inport" Name="In1" SID="2">
            <P Name="Position">[130, 273, 160, 287]</P>
            <P Name="ZOrder">-1</P>
            <P Name="IconDisplay">Port number</P>
          </Block>
          <Block BlockType="Reference" Name="Analog Input" SID="49">
            <P Name="Ports">[0, 1]</P>
            <P Name="Position">[25, 65, 80, 105]</P>
            <P Name="ZOrder">-1</P>
            <P Name="AttributesFormatString">Humusoft\nMF634 [auto]</P>
            <P Name="LibraryVersion">1.141</P>
            <P Name="SourceBlock">sldrtlib/Analog Input</P>
            <P Name="SourceType">Simulink Desktop Real-Time Analog Input</P>
            <InstanceData>
              <P Name="SampleTime">h</P>
              <P Name="MaxMissedTicks">ticklost</P>
              <P Name="ShowMissedTicks">off</P>
              <P Name="YieldWhenWaiting">off</P>
              <P Name="DrvName">Humusoft/MF634</P>
              <P Name="DrvAddress">4294967295</P>
              <P Name="DrvOptions">0</P>
              <P Name="Channels">[adinchannels]</P>
              <P Name="RangeMode">2</P>
              <P Name="VoltRange">1</P>
              <P Name="DataType">1</P>
            </InstanceData>
          </Block>
          <Block BlockType="Reference" Name="Analog Output" SID="51">
            <P Name="Ports">[1]</P>
            <P Name="Position">[320, 270, 375, 310]</P>
            <P Name="ZOrder">-2</P>
            <P Name="AttributesFormatString">Humusoft\nMF634 [auto]</P>
            <P Name="LibraryVersion">1.141</P>
            <P Name="SourceBlock">sldrtlib/Analog Output</P>
            <P Name="SourceType">Simulink Desktop Real-Time Analog Output</P>
            <InstanceData>
              <P Name="SampleTime">h</P>
              <P Name="MaxMissedTicks">ticklost</P>
              <P Name="ShowMissedTicks">off</P>
              <P Name="YieldWhenWaiting">off</P>
              <P Name="DrvName">Humusoft/MF634</P>
              <P Name="DrvAddress">4294967295</P>
              <P Name="DrvOptions">0</P>
              <P Name="Channels">[daoutchannels]</P>
              <P Name="RangeMode">2</P>
              <P Name="VoltRange">1</P>
              <P Name="InitialValue">0</P>
              <P Name="FinalValue">0</P>
            </InstanceData>
          </Block>
          <Block BlockType="Constant" Name="DA offsets" SID="4">
            <P Name="Position">[210, 304, 260, 326]</P>
            <P Name="ZOrder">-4</P>
            <P Name="ShowName">off</P>
            <P Name="Value">daoutoffs</P>
          </Block>
          <Block BlockType="Constant" Name="DA offsets1" SID="5">
            <P Name="Position">[230, 206, 320, 224]</P>
            <P Name="ZOrder">-5</P>
            <P Name="ShowName">off</P>
            <P Name="Value">adinoffsencoders</P>
          </Block>
          <Block BlockType="Constant" Name="DA offsets2" SID="6">
            <P Name="Position">[110, 100, 165, 120]</P>
            <P Name="ZOrder">-6</P>
            <P Name="ShowName">off</P>
            <P Name="Value">adinoffs</P>
          </Block>
          <Block BlockType="Demux" Name="Demux" SID="7">
            <P Name="Ports">[1, 2]</P>
            <P Name="Position">[425, 181, 430, 219]</P>
            <P Name="ZOrder">-7</P>
            <P Name="ShowName">off</P>
            <P Name="Outputs">2</P>
            <P Name="DisplayOption">bar</P>
          </Block>
          <Block BlockType="Demux" Name="Demux1" SID="8">
            <P Name="Ports">[1, 3]</P>
            <P Name="Position">[300, 55, 305, 145]</P>
            <P Name="ZOrder">-8</P>
            <P Name="ShowName">off</P>
            <P Name="Outputs">[1 1 2]</P>
            <P Name="DisplayOption">bar</P>
          </Block>
          <Block BlockType="Reference" Name="Encoder Input" SID="50">
            <P Name="Ports">[0, 1]</P>
            <P Name="Position">[25, 170, 80, 210]</P>
            <P Name="ZOrder">-7</P>
            <P Name="AttributesFormatString">Humusoft\nMF634 [auto]</P>
            <P Name="LibraryVersion">1.141</P>
            <P Name="SourceBlock">sldrtlib/Encoder Input</P>
            <P Name="SourceType">Simulink Desktop Real-Time Encoder Input</P>
            <InstanceData>
              <P Name="SampleTime">h</P>
              <P Name="MaxMissedTicks">ticklost</P>
              <P Name="ShowMissedTicks">off</P>
              <P Name="YieldWhenWaiting">off</P>
              <P Name="DrvName">Humusoft/MF634</P>
              <P Name="DrvAddress">4294967295</P>
              <P Name="DrvOptions">0</P>
              <P Name="Channels">[adinchannelsencoders]</P>
              <P Name="QuadMode">3</P>
              <P Name="IndexPulse">2</P>
              <P Name="InputFilter">Inf</P>
              <P Name="DataType">1</P>
            </InstanceData>
          </Block>
          <Block BlockType="Gain" Name="Gain" SID="9">
            <P Name="Position">[375, 183, 410, 217]</P>
            <P Name="ZOrder">-10</P>
            <P Name="ShowName">off</P>
            <P Name="Gain">adingainencoders</P>
          </Block>
          <Block BlockType="Gain" Name="Gain1" SID="10">
            <P Name="Position">[210, 264, 240, 296]</P>
            <P Name="ZOrder">-11</P>
            <P Name="ShowName">off</P>
            <P Name="Gain">daoutgain</P>
          </Block>
          <Block BlockType="Gain" Name="Gain2" SID="11">
            <P Name="Position">[235, 83, 270, 117]</P>
            <P Name="ZOrder">-12</P>
            <P Name="ShowName">off</P>
            <P Name="Gain">adingain</P>
          </Block>
          <Block BlockType="Gain" Name="Gain3" SID="12">
            <P Name="Position">[360, 85, 390, 115]</P>
            <P Name="ZOrder">-13</P>
            <P Name="Gain">0.5</P>
            <P Name="ParamDataTypeStr">Inherit: Inherit via internal rule</P>
            <P Name="OutDataTypeStr">Inherit: Inherit via internal rule</P>
            <P Name="SaturateOnIntegerOverflow">off</P>
          </Block>
          <Block BlockType="Goto" Name="Goto" SID="13">
            <P Name="Position">[365, 129, 420, 151]</P>
            <P Name="ZOrder">-14</P>
            <P Name="GotoTag">joystick</P>
            <P Name="TagVisibility">global</P>
          </Block>
          <Block BlockType="Sum" Name="Sum" SID="17">
            <P Name="Ports">[2, 1]</P>
            <P Name="Position">[340, 178, 355, 222]</P>
            <P Name="ZOrder">-15</P>
            <P Name="ShowName">off</P>
          </Block>
          <Block BlockType="Sum" Name="Sum1" SID="18">
            <P Name="Ports">[2, 1]</P>
            <P Name="Position">[205, 72, 220, 123]</P>
            <P Name="ZOrder">-16</P>
            <P Name="ShowName">off</P>
          </Block>
          <Block BlockType="Sum" Name="Sum2" SID="19">
            <P Name="Ports">[2, 1]</P>
            <P Name="Position">[280, 268, 295, 312]</P>
            <P Name="ZOrder">-17</P>
            <P Name="ShowName">off</P>
          </Block>
          <Block BlockType="Sum" Name="Sum3" SID="20">
            <P Name="Ports">[2, 1]</P>
            <P Name="Position">[325, 90, 345, 110]</P>
            <P Name="ZOrder">-18</P>
            <P Name="ShowName">off</P>
            <P Name="IconShape">round</P>
            <P Name="Inputs">++|</P>
            <P Name="InputSameDT">off</P>
            <P Name="OutDataTypeStr">Inherit: Inherit via internal rule</P>
            <P Name="SaturateOnIntegerOverflow">off</P>
          </Block>
          <Block BlockType="Sum" Name="Sum4" SID="21">
            <P Name="Ports">[2, 1]</P>
            <P Name="Position">[400, 60, 420, 80]</P>
            <P Name="ZOrder">-19</P>
            <P Name="ShowName">off</P>
            <P Name="IconShape">round</P>
            <P Name="Inputs">|+-</P>
            <P Name="InputSameDT">off</P>
            <P Name="OutDataTypeStr">Inherit: Inherit via internal rule</P>
            <P Name="SaturateOnIntegerOverflow">off</P>
          </Block>
          <Block BlockType="Outport" Name="L1" SID="22">
            <P Name="Tag">Position</P>
            <P Name="Position">[445, 63, 475, 77]</P>
            <P Name="ZOrder">-20</P>
            <P Name="IconDisplay">Port number</P>
          </Block>
          <Block BlockType="Outport" Name="d" SID="23">
            <P Name="Tag">Cable length</P>
            <P Name="Position">[450, 208, 480, 222]</P>
            <P Name="ZOrder">-21</P>
            <P Name="Port">2</P>
            <P Name="IconDisplay">Port number</P>
          </Block>
          <Block BlockType="Outport" Name="L" SID="24">
            <P Name="Tag">Position</P>
            <P Name="Position">[450, 178, 480, 192]</P>
            <P Name="ZOrder">-22</P>
            <P Name="Port">3</P>
            <P Name="IconDisplay">Port number</P>
          </Block>
          <Line>
            <P Name="ZOrder">1</P>
            <P Name="Src">9#out:1</P>
            <P Name="Dst">7#in:1</P>
          </Line>
          <Line>
            <P Name="ZOrder">2</P>
            <P Name="Src">17#out:1</P>
            <P Name="Dst">9#in:1</P>
          </Line>
          <Line>
            <P Name="ZOrder">3</P>
            <P Name="Src">5#out:1</P>
            <P Name="Dst">17#in:2</P>
          </Line>
          <Line>
            <P Name="ZOrder">4</P>
            <P Name="Src">18#out:1</P>
            <P Name="Dst">11#in:1</P>
          </Line>
          <Line>
            <P Name="ZOrder">5</P>
            <P Name="Src">49#out:1</P>
            <P Name="Dst">18#in:1</P>
          </Line>
          <Line>
            <P Name="ZOrder">6</P>
            <P Name="Src">6#out:1</P>
            <P Name="Dst">18#in:2</P>
          </Line>
          <Line>
            <P Name="ZOrder">7</P>
            <P Name="Src">7#out:1</P>
            <P Name="Dst">24#in:1</P>
          </Line>
          <Line>
            <P Name="ZOrder">8</P>
            <P Name="Src">7#out:2</P>
            <P Name="Dst">23#in:1</P>
          </Line>
          <Line>
            <P Name="ZOrder">9</P>
            <P Name="Src">11#out:1</P>
            <P Name="Dst">8#in:1</P>
          </Line>
          <Line>
            <P Name="ZOrder">10</P>
            <P Name="Src">8#out:3</P>
            <P Name="Points">[40, 0]</P>
            <P Name="Dst">13#in:1</P>
          </Line>
          <Line>
            <P Name="ZOrder">11</P>
            <P Name="Src">8#out:1</P>
            <P Name="Points">[25, 0]</P>
            <Branch>
              <P Name="ZOrder">12</P>
              <P Name="Dst">20#in:1</P>
            </Branch>
            <Branch>
              <P Name="ZOrder">13</P>
              <P Name="Dst">21#in:1</P>
            </Branch>
          </Line>
          <Line>
            <P Name="ZOrder">14</P>
            <P Name="Src">8#out:2</P>
            <P Name="Dst">20#in:2</P>
          </Line>
          <Line>
            <P Name="ZOrder">15</P>
            <P Name="Src">20#out:1</P>
            <P Name="Dst">12#in:1</P>
          </Line>
          <Line>
            <P Name="ZOrder">16</P>
            <P Name="Src">21#out:1</P>
            <P Name="Dst">22#in:1</P>
          </Line>
          <Line>
            <P Name="ZOrder">17</P>
            <P Name="Src">12#out:1</P>
            <P Name="Points">[15, 0]</P>
            <P Name="Dst">21#in:2</P>
          </Line>
          <Line>
            <P Name="ZOrder">18</P>
            <P Name="Src">10#out:1</P>
            <P Name="Dst">19#in:1</P>
          </Line>
          <Line>
            <P Name="ZOrder">19</P>
            <P Name="Src">19#out:1</P>
            <P Name="Dst">51#in:1</P>
          </Line>
          <Line>
            <P Name="ZOrder">20</P>
            <P Name="Src">4#out:1</P>
            <P Name="Dst">19#in:2</P>
          </Line>
          <Line>
            <P Name="ZOrder">21</P>
            <P Name="Src">2#out:1</P>
            <P Name="Dst">10#in:1</P>
          </Line>
          <Line>
            <P Name="ZOrder">22</P>
            <P Name="Src">50#out:1</P>
            <P Name="Dst">17#in:1</P>
          </Line>
        </System>
      </Block>
      <Block BlockType="Demux" Name="Demux" SID="25">
        <P Name="Ports">[1, 2]</P>
        <P Name="Position">[295, 151, 300, 189]</P>
        <P Name="ZOrder">-2</P>
        <P Name="ShowName">off</P>
        <P Name="Outputs">2</P>
        <P Name="DisplayOption">bar</P>
      </Block>
      <Block BlockType="SubSystem" Name="Joystick1" SID="26">
        <P Name="Ports">[0, 1]</P>
        <P Name="Position">[35, 78, 110, 102]</P>
        <P Name="ZOrder">-3</P>
        <P Name="BackgroundColor">cyan</P>
        <P Name="ShowName">off</P>
        <P Name="FontName">Times New Roman</P>
        <P Name="FontSize">16</P>
        <P Name="FontWeight">bold</P>
        <P Name="RequestExecContextInheritance">off</P>
        <P Name="Variant">off</P>
        <Object PropName="MaskObject" ObjectID="10" ClassName="Simulink.Mask">
          <P Name="Display" Class="char">disp(&apos;Joystick&apos;)</P>
        </Object>
        <System>
          <P Name="Location">[318, 684, 719, 1039]</P>
          <P Name="Open">off</P>
          <P Name="TiledPaperMargins">[0.500000, 0.500000, 0.500000, 0.500000]</P>
          <P Name="ZoomFactor">100</P>
          <Block BlockType="Demux" Name="Demux" SID="27">
            <P Name="Ports">[1, 2]</P>
            <P Name="Position">[100, 26, 105, 64]</P>
            <P Name="ZOrder">-1</P>
            <P Name="ShowName">off</P>
            <P Name="Outputs">2</P>
            <P Name="DisplayOption">bar</P>
          </Block>
          <Block BlockType="DiscreteTransferFcn" Name="Fil1" SID="28">
            <P Name="Ports">[1, 1]</P>
            <P Name="Position">[130, 85, 215, 125]</P>
            <P Name="ZOrder">-2</P>
            <P Name="InputPortMap">u0</P>
            <P Name="Numerator">[0.0155 0.0155]</P>
            <P Name="Denominator">[1 -0.9691]</P>
            <P Name="SampleTime">h</P>
          </Block>
          <Block BlockType="DiscreteTransferFcn" Name="Fil7" SID="29">
            <P Name="Ports">[1, 1]</P>
            <P Name="Position">[130, 15, 215, 55]</P>
            <P Name="ZOrder">-3</P>
            <P Name="InputPortMap">u0</P>
            <P Name="Numerator">[0.0155 0.0155]</P>
            <P Name="Denominator">[1 -0.9691]</P>
            <P Name="SampleTime">h</P>
          </Block>
          <Block BlockType="From" Name="From" SID="30">
            <P Name="Position">[15, 34, 70, 56]</P>
            <P Name="ZOrder">-4</P>
            <P Name="ShowName">off</P>
            <P Name="GotoTag">joystick</P>
            <P Name="TagVisibility">global</P>
          </Block>
          <Block BlockType="Mux" Name="Mux" SID="31">
            <P Name="Ports">[2, 1]</P>
            <P Name="Position">[245, 36, 250, 74]</P>
            <P Name="ZOrder">-5</P>
            <P Name="ShowName">off</P>
            <P Name="Inputs">2</P>
            <P Name="DisplayOption">bar</P>
          </Block>
          <Block BlockType="Outport" Name="Joystick" SID="32">
            <P Name="Position">[300, 48, 330, 62]</P>
            <P Name="ZOrder">-6</P>
            <P Name="IconDisplay">Port number</P>
          </Block>
          <Line>
            <P Name="ZOrder">1</P>
            <P Name="Labels">[1, 0]</P>
            <P Name="Src">31#out:1</P>
            <P Name="Dst">32#in:1</P>
          </Line>
          <Line>
            <P Name="ZOrder">2</P>
            <P Name="Src">28#out:1</P>
            <P Name="Points">[5, 0; 0, -40]</P>
            <P Name="Dst">31#in:2</P>
          </Line>
          <Line>
            <P Name="ZOrder">3</P>
            <P Name="Src">27#out:2</P>
            <P Name="Points">[5, 0]</P>
            <P Name="Dst">28#in:1</P>
          </Line>
          <Line>
            <P Name="ZOrder">4</P>
            <P Name="Src">27#out:1</P>
            <P Name="Dst">29#in:1</P>
          </Line>
          <Line>
            <P Name="ZOrder">5</P>
            <P Name="Src">30#out:1</P>
            <P Name="Dst">27#in:1</P>
          </Line>
          <Line>
            <P Name="ZOrder">6</P>
            <P Name="Src">29#out:1</P>
            <P Name="Points">[10, 0]</P>
            <P Name="Dst">31#in:1</P>
          </Line>
        </System>
      </Block>
      <Block BlockType="SubSystem" Name="Reference" SID="33">
        <P Name="Ports">[0, 1]</P>
        <P Name="Position">[30, 23, 105, 47]</P>
        <P Name="ZOrder">-4</P>
        <P Name="BackgroundColor">cyan</P>
        <P Name="ShowName">off</P>
        <P Name="FontName">Times New Roman</P>
        <P Name="FontSize">15</P>
        <P Name="FontWeight">bold</P>
        <P Name="RequestExecContextInheritance">off</P>
        <P Name="Variant">off</P>
        <Object PropName="MaskObject" ObjectID="11" ClassName="Simulink.Mask">
          <P Name="Display" Class="char">disp(&apos;Reference&apos;)</P>
        </Object>
        <System>
          <P Name="Location">[16, 52, 462, 440]</P>
          <P Name="Open">off</P>
          <P Name="TiledPaperMargins">[0.500000, 0.500000, 0.500000, 0.500000]</P>
          <P Name="ZoomFactor">100</P>
          <Block BlockType="Mux" Name="Mux1" SID="34">
            <P Name="Ports">[2, 1]</P>
            <P Name="Position">[115, 25, 120, 65]</P>
            <P Name="ZOrder">-1</P>
            <P Name="ShowName">off</P>
            <P Name="Inputs">2</P>
            <P Name="DisplayOption">bar</P>
          </Block>
          <Block BlockType="Mux" Name="Mux2" SID="35">
            <P Name="Ports">[2, 1]</P>
            <P Name="Position">[115, 80, 120, 120]</P>
            <P Name="ZOrder">-2</P>
            <P Name="ShowName">off</P>
            <P Name="Inputs">2</P>
            <P Name="DisplayOption">bar</P>
          </Block>
          <Block BlockType="ManualSwitch" Name="One shot/&#xA;repeating" SID="36">
            <P Name="Position">[155, 34, 185, 76]</P>
            <P Name="ZOrder">-3</P>
            <P Name="FontName">Times New Roman</P>
            <P Name="FontSize">12</P>
            <P Name="CurrentSetting">0</P>
          </Block>
          <Block BlockType="Reference" Name="Repeating&#xA;Sequence" SID="37">
            <P Name="Ports">[0, 1]</P>
            <P Name="Position">[30, 83, 60, 97]</P>
            <P Name="ZOrder">-4</P>
            <P Name="ShowName">off</P>
            <P Name="LibraryVersion">1.358</P>
            <P Name="SourceBlock">simulink/Sources/Repeating
Sequence</P>
            <P Name="SourceType">Repeating table</P>
            <InstanceData>
              <P Name="ContentPreviewEnabled">off</P>
              <P Name="rep_seq_t">[0    4.5000   12.5000   22.5000   30.5000   36.0000]</P>
              <P Name="rep_seq_y">[0         0    1.5000    1.5000         0         0]</P>
            </InstanceData>
          </Block>
          <Block BlockType="Reference" Name="Repeating&#xA;Sequence1" SID="38">
            <P Name="Ports">[0, 1]</P>
            <P Name="Position">[30, 103, 60, 117]</P>
            <P Name="ZOrder">-5</P>
            <P Name="ShowName">off</P>
            <P Name="LibraryVersion">1.358</P>
            <P Name="SourceBlock">simulink/Sources/Repeating
Sequence</P>
            <P Name="SourceType">Repeating table</P>
            <InstanceData>
              <P Name="ContentPreviewEnabled">off</P>
              <P Name="rep_seq_t">[0     2     7    10    15    20    25    28    33    36]</P>
              <P Name="rep_seq_y">[0         0   -0.8000   -0.8000    0.3400    0.3400   -0.8000  -0.8000         0         0]</P>
            </InstanceData>
          </Block>
          <Block BlockType="SubSystem" Name="Signal Builder" SID="39">
            <P Name="Tag">STV Subsys</P>
            <P Name="Ports">[0, 2]</P>
            <P Name="Position">[15, 25, 90, 65]</P>
            <P Name="ZOrder">-6</P>
            <P Name="ShowName">off</P>
            <P Name="CopyFcn">sigbuilder_block(&apos;copy&apos;);</P>
            <P Name="DeleteFcn">sigbuilder_block(&apos;delete&apos;);</P>
            <P Name="LoadFcn">sigbuilder_block(&apos;load&apos;);</P>
            <P Name="ModelCloseFcn">sigbuilder_block(&apos;modelClose&apos;);</P>
            <P Name="PreSaveFcn">sigbuilder_block(&apos;preSave&apos;);</P>
            <P Name="StartFcn">sigbuilder_block(&apos;start&apos;);</P>
            <P Name="PauseFcn">sigbuilder_block(&apos;pause&apos;)</P>
            <P Name="ContinueFcn">sigbuilder_block(&apos;continue&apos;)</P>
            <P Name="StopFcn">sigbuilder_block(&apos;stop&apos;);</P>
            <P Name="NameChangeFcn">sigbuilder_block(&apos;namechange&apos;);</P>
            <P Name="ClipboardFcn">sigbuilder_block(&apos;clipboard&apos;);</P>
            <P Name="OpenFcn">sigbuilder_block(&apos;open&apos;,[50.25 82.5 519.75 399.75 ]);</P>
            <P Name="CloseFcn">sigbuilder_block(&apos;close&apos;);</P>
            <P Name="RequestExecContextInheritance">off</P>
            <P Name="MaskHideContents">on</P>
            <P Name="Variant">off</P>
            <Object PropName="MaskObject" ObjectID="12" ClassName="Simulink.Mask">
              <P Name="Type" Class="char">Sigbuilder block</P>
              <P Name="Description" Class="char">Sigbuilder GUI</P>
              <P Name="Initialization" Class="char">if ~strcmp(get_param(bdroot(gcb),&apos;SimulationStatus&apos;),&apos;stopped&apos;) tuvar = sigbuilder_block(&apos;maskInit&apos;); end</P>
              <P Name="Display" Class="char">plot(0,0,100,100,[10,10,40,40,10],[80,20,20,80,80],[40,10],[50,50], [40,27,10],[65,72,56],[40,25,25,10],[28,28,43,43]);</P>
              <P Name="IconOpaque" Class="char">off</P>
              <P Name="IconRotate" Class="char">port</P>
            </Object>
            <System>
              <P Name="Location">[450, 52, 1022, 537]</P>
              <P Name="Open">off</P>
              <P Name="TiledPaperMargins">[0.500000, 0.500000, 0.500000, 0.500000]</P>
              <P Name="ZoomFactor">100</P>
              <Block BlockType="Demux" Name="Demux" SID="40">
                <P Name="Tag">STV Demux</P>
                <P Name="Ports">[1, 2]</P>
                <P Name="Position">[155, 15, 175, 130]</P>
                <P Name="ZOrder">-1</P>
                <P Name="Outputs">2</P>
              </Block>
              <Block BlockType="FromWorkspace" Name="FromWs" SID="41">
                <P Name="Tag">STV FromWs</P>
                <P Name="Position">[30, 50, 115, 100]</P>
                <P Name="ZOrder">-2</P>
                <P Name="VariableName">tuvar</P>
                <P Name="SampleTime">0</P>
                <P Name="SigBuilderData" Ref="bdmxdata:DataTag0"></P>
                <P Name="VnvData" Ref="bdmxdata:DataTag1"></P>
              </Block>
              <Block BlockType="Outport" Name="Trolley" SID="42">
                <P Name="Tag">STV Outport</P>
                <P Name="Position">[255, 40, 275, 50]</P>
                <P Name="ZOrder">-3</P>
                <P Name="IconDisplay">Port number</P>
              </Block>
              <Block BlockType="Outport" Name="Hoist" SID="43">
                <P Name="Tag">STV Outport</P>
                <P Name="Position">[255, 95, 275, 105]</P>
                <P Name="ZOrder">-4</P>
                <P Name="Port">2</P>
                <P Name="IconDisplay">Port number</P>
              </Block>
              <Line>
                <P Name="ZOrder">1</P>
                <P Name="Src">40#out:2</P>
                <P Name="Dst">43#in:1</P>
              </Line>
              <Line>
                <P Name="ZOrder">2</P>
                <P Name="Src">40#out:1</P>
                <P Name="Dst">42#in:1</P>
              </Line>
              <Line>
                <P Name="ZOrder">3</P>
                <P Name="Src">41#out:1</P>
                <P Name="Dst">40#in:1</P>
              </Line>
            </System>
          </Block>
          <Block BlockType="Outport" Name="Reference" SID="44">
            <P Name="Position">[230, 48, 260, 62]</P>
            <P Name="ZOrder">-7</P>
            <P Name="IconDisplay">Port number</P>
          </Block>
          <Line>
            <P Name="ZOrder">1</P>
            <P Name="Src">38#out:1</P>
            <P Name="Dst">35#in:2</P>
          </Line>
          <Line>
            <P Name="ZOrder">2</P>
            <P Name="Src">35#out:1</P>
            <P Name="Points">[5, 0; 0, -35]</P>
            <P Name="Dst">36#in:2</P>
          </Line>
          <Line>
            <P Name="ZOrder">3</P>
            <P Name="Src">37#out:1</P>
            <P Name="Dst">35#in:1</P>
          </Line>
          <Line>
            <P Name="ZOrder">4</P>
            <P Name="Src">34#out:1</P>
            <P Name="Dst">36#in:1</P>
          </Line>
          <Line>
            <P Name="ZOrder">5</P>
            <P Name="Src">36#out:1</P>
            <P Name="Dst">44#in:1</P>
          </Line>
          <Line>
            <P Name="ZOrder">6</P>
            <P Name="Src">39#out:1</P>
            <P Name="Dst">34#in:1</P>
          </Line>
          <Line>
            <P Name="ZOrder">7</P>
            <P Name="Src">39#out:2</P>
            <P Name="Dst">34#in:2</P>
          </Line>
        </System>
      </Block>
      <Block BlockType="Scope" Name="Scope1" SID="45">
        <P Name="Ports">[5]</P>
        <P Name="Position">[335, 43, 435, 197]</P>
        <P Name="ZOrder">-5</P>
        <P Name="ScopeSpecificationString">Simulink.scopes.TimeScopeBlockCfg(&apos;CurrentConfiguration&apos;, extmgr.ConfigurationSet(extmgr.Configuration(&apos;Core&apos;,&apos;General UI&apos;,true),extmgr.Configuration(&apos;Core&apos;,&apos;Source UI&apos;,true),extmgr.Configuration(&apos;Sources&apos;,&apos;WiredSimulink&apos;,true,&apos;DataLoggingVariableName&apos;,&apos;angle&apos;,&apos;DataLoggingSaveFormat&apos;,&apos;Structure&apos;,&apos;DataLoggingMaxPoints&apos;,&apos;15000&apos;,&apos;DataLoggingLimitDataPoints&apos;,true,&apos;DataLoggingDecimation&apos;,&apos;1&apos;,&apos;DataLoggingDecimateData&apos;,true),extmgr.Configuration(&apos;Visuals&apos;,&apos;Time Domain&apos;,true,&apos;SerializedDisplays&apos;,{struct(&apos;MinYLimReal&apos;,&apos;-12.5&apos;,&apos;MaxYLimReal&apos;,&apos;12.5&apos;,&apos;YLabelReal&apos;,&apos;&apos;,&apos;MinYLimMag&apos;,&apos;0&apos;,&apos;MaxYLimMag&apos;,&apos;10&apos;,&apos;LegendVisibility&apos;,&apos;off&apos;,&apos;XGrid&apos;,true,&apos;YGrid&apos;,true,&apos;PlotMagPhase&apos;,false,&apos;AxesColor&apos;,[0 0 0],&apos;AxesTickColor&apos;,[0.686274509803922 0.686274509803922 0.686274509803922],&apos;ColorOrder&apos;,[1 1 0.0666666666666667;0.0745098039215686 0.623529411764706 1;1 0.411764705882353 0.16078431372549;0.392156862745098 0.831372549019608 0.0745098039215686;0.717647058823529 0.274509803921569 1;0.0588235294117647 1 1;1 0.0745098039215686 0.650980392156863],&apos;Title&apos;,&apos;%&lt;SignalLabel&gt;&apos;,&apos;LinePropertiesCache&apos;,{{}},&apos;UserDefinedChannelNames&apos;,{{}},&apos;NumLines&apos;,0,&apos;LineNames&apos;,{{[]}},&apos;ShowContent&apos;,true,&apos;Placement&apos;,1),struct(&apos;MinYLimReal&apos;,&apos;-0.5&apos;,&apos;MaxYLimReal&apos;,&apos;0.4&apos;,&apos;YLabelReal&apos;,&apos;&apos;,&apos;MinYLimMag&apos;,&apos;0&apos;,&apos;MaxYLimMag&apos;,&apos;10&apos;,&apos;LegendVisibility&apos;,&apos;off&apos;,&apos;XGrid&apos;,true,&apos;YGrid&apos;,true,&apos;PlotMagPhase&apos;,false,&apos;AxesColor&apos;,[0 0 0],&apos;AxesTickColor&apos;,[0.686274509803922 0.686274509803922 0.686274509803922],&apos;ColorOrder&apos;,[1 1 0.0666666666666667;0.0745098039215686 0.623529411764706 1;1 0.411764705882353 0.16078431372549;0.392156862745098 0.831372549019608 0.0745098039215686;0.717647058823529 0.274509803921569 1;0.0588235294117647 1 1;1 0.0745098039215686 0.650980392156863],&apos;Title&apos;,&apos;%&lt;SignalLabel&gt;&apos;,&apos;LinePropertiesCache&apos;,{{}},&apos;UserDefinedChannelNames&apos;,{{}},&apos;NumLines&apos;,0,&apos;LineNames&apos;,{{[]}},&apos;ShowContent&apos;,true,&apos;Placement&apos;,2),struct(&apos;MinYLimReal&apos;,&apos;-0.05&apos;,&apos;MaxYLimReal&apos;,&apos;0.5&apos;,&apos;YLabelReal&apos;,&apos;&apos;,&apos;MinYLimMag&apos;,&apos;0&apos;,&apos;MaxYLimMag&apos;,&apos;10&apos;,&apos;LegendVisibility&apos;,&apos;off&apos;,&apos;XGrid&apos;,true,&apos;YGrid&apos;,true,&apos;PlotMagPhase&apos;,false,&apos;AxesColor&apos;,[0 0 0],&apos;AxesTickColor&apos;,[0.686274509803922 0.686274509803922 0.686274509803922],&apos;ColorOrder&apos;,[1 1 0.0666666666666667;0.0745098039215686 0.623529411764706 1;1 0.411764705882353 0.16078431372549;0.392156862745098 0.831372549019608 0.0745098039215686;0.717647058823529 0.274509803921569 1;0.0588235294117647 1 1;1 0.0745098039215686 0.650980392156863],&apos;Title&apos;,&apos;%&lt;SignalLabel&gt;&apos;,&apos;LinePropertiesCache&apos;,{{}},&apos;UserDefinedChannelNames&apos;,{{}},&apos;NumLines&apos;,0,&apos;LineNames&apos;,{{[]}},&apos;ShowContent&apos;,true,&apos;Placement&apos;,3),struct(&apos;MinYLimReal&apos;,&apos;-0.25&apos;,&apos;MaxYLimReal&apos;,&apos;0.2&apos;,&apos;YLabelReal&apos;,&apos;&apos;,&apos;MinYLimMag&apos;,&apos;0&apos;,&apos;MaxYLimMag&apos;,&apos;10&apos;,&apos;LegendVisibility&apos;,&apos;off&apos;,&apos;XGrid&apos;,true,&apos;YGrid&apos;,true,&apos;PlotMagPhase&apos;,false,&apos;AxesColor&apos;,[0 0 0],&apos;AxesTickColor&apos;,[0.686274509803922 0.686274509803922 0.686274509803922],&apos;ColorOrder&apos;,[1 1 0.0666666666666667;0.0745098039215686 0.623529411764706 1;1 0.411764705882353 0.16078431372549;0.392156862745098 0.831372549019608 0.0745098039215686;0.717647058823529 0.274509803921569 1;0.0588235294117647 1 1;1 0.0745098039215686 0.650980392156863],&apos;Title&apos;,&apos;%&lt;SignalLabel&gt;&apos;,&apos;LinePropertiesCache&apos;,{{}},&apos;UserDefinedChannelNames&apos;,{{}},&apos;NumLines&apos;,0,&apos;LineNames&apos;,{{[]}},&apos;ShowContent&apos;,true,&apos;Placement&apos;,4),struct(&apos;MinYLimReal&apos;,&apos;-0.3&apos;,&apos;MaxYLimReal&apos;,&apos;0.35&apos;,&apos;YLabelReal&apos;,&apos;&apos;,&apos;MinYLimMag&apos;,&apos;0&apos;,&apos;MaxYLimMag&apos;,&apos;10&apos;,&apos;LegendVisibility&apos;,&apos;off&apos;,&apos;XGrid&apos;,true,&apos;YGrid&apos;,true,&apos;PlotMagPhase&apos;,false,&apos;AxesColor&apos;,[0 0 0],&apos;AxesTickColor&apos;,[0.686274509803922 0.686274509803922 0.686274509803922],&apos;ColorOrder&apos;,[1 1 0.0666666666666667;0.0745098039215686 0.623529411764706 1;1 0.411764705882353 0.16078431372549;0.392156862745098 0.831372549019608 0.0745098039215686;0.717647058823529 0.274509803921569 1;0.0588235294117647 1 1;1 0.0745098039215686 0.650980392156863],&apos;Title&apos;,&apos;%&lt;SignalLabel&gt;&apos;,&apos;LinePropertiesCache&apos;,{{}},&apos;UserDefinedChannelNames&apos;,{{}},&apos;NumLines&apos;,0,&apos;LineNames&apos;,{{[]}},&apos;ShowContent&apos;,true,&apos;Placement&apos;,5),struct(&apos;MinYLimReal&apos;,&apos;-0.3&apos;,&apos;MaxYLimReal&apos;,&apos;0.35&apos;,&apos;YLabelReal&apos;,&apos;&apos;,&apos;MinYLimMag&apos;,&apos;0&apos;,&apos;MaxYLimMag&apos;,&apos;10&apos;,&apos;LegendVisibility&apos;,&apos;off&apos;,&apos;XGrid&apos;,true,&apos;YGrid&apos;,true,&apos;PlotMagPhase&apos;,false,&apos;AxesColor&apos;,[0 0 0],&apos;AxesTickColor&apos;,[0.686274509803922 0.686274509803922 0.686274509803922],&apos;ColorOrder&apos;,[1 1 0.0666666666666667;0.0745098039215686 0.623529411764706 1;1 0.411764705882353 0.16078431372549;0.392156862745098 0.831372549019608 0.0745098039215686;0.717647058823529 0.274509803921569 1;0.0588235294117647 1 1;1 0.0745098039215686 0.650980392156863],&apos;Title&apos;,&apos;&apos;,&apos;LinePropertiesCache&apos;,{{}},&apos;UserDefinedChannelNames&apos;,{{}},&apos;NumLines&apos;,0,&apos;LineNames&apos;,{{}},&apos;ShowContent&apos;,false,&apos;Placement&apos;,6)},&apos;DisplayPropertyDefaults&apos;,struct(&apos;MinYLimReal&apos;,&apos;-12.5&apos;,&apos;MaxYLimReal&apos;,&apos;12.5&apos;,&apos;YLabelReal&apos;,&apos;&apos;,&apos;MinYLimMag&apos;,&apos;0&apos;,&apos;MaxYLimMag&apos;,&apos;10&apos;,&apos;LegendVisibility&apos;,&apos;off&apos;,&apos;XGrid&apos;,true,&apos;YGrid&apos;,true,&apos;PlotMagPhase&apos;,false,&apos;AxesColor&apos;,[0 0 0],&apos;AxesTickColor&apos;,[0.686274509803922 0.686274509803922 0.686274509803922],&apos;ColorOrder&apos;,[1 1 0.0666666666666667;0.0745098039215686 0.623529411764706 1;1 0.411764705882353 0.16078431372549;0.392156862745098 0.831372549019608 0.0745098039215686;0.717647058823529 0.274509803921569 1;0.0588235294117647 1 1;1 0.0745098039215686 0.650980392156863],&apos;Title&apos;,&apos;%&lt;SignalLabel&gt;&apos;,&apos;LinePropertiesCache&apos;,{{}},&apos;UserDefinedChannelNames&apos;,{{}},&apos;NumLines&apos;,0,&apos;LineNames&apos;,{{[]}},&apos;ShowContent&apos;,true,&apos;Placement&apos;,1),&apos;DisplayLayoutDimensions&apos;,[3 2],&apos;TimeRangeSamples&apos;,&apos;18&apos;,&apos;TimeRangeFrames&apos;,&apos;18&apos;,&apos;DisplayContentCache&apos;,[]),extmgr.Configuration(&apos;Tools&apos;,&apos;Plot Navigation&apos;,true,&apos;OnceAtStop&apos;,false),extmgr.Configuration(&apos;Tools&apos;,&apos;Measurements&apos;,true,&apos;Version&apos;,&apos;2015b&apos;)),&apos;Version&apos;,&apos;2015b&apos;,&apos;Location&apos;,[954 135 1625 963],&apos;VisibleAtModelOpen&apos;,&apos;on&apos;)</P>
        <P Name="NumInputPorts">5</P>
      </Block>
      <Block BlockType="SubSystem" Name="Stop" SID="46">
        <P Name="Ports">[]</P>
        <P Name="Position">[220, 228, 293, 254]</P>
        <P Name="ZOrder">-6</P>
        <P Name="ForegroundColor">white</P>
        <P Name="BackgroundColor">red</P>
        <P Name="ShowName">off</P>
        <P Name="FontName">Times New Roman</P>
        <P Name="FontSize">14</P>
        <P Name="RequestExecContextInheritance">off</P>
        <P Name="Variant">off</P>
        <Object PropName="MaskObject" ObjectID="13" ClassName="Simulink.Mask">
          <P Name="Display" Class="char">disp(&apos;Stop&apos;)</P>
        </Object>
        <System>
          <P Name="Location">[16, 223, 637, 660]</P>
          <P Name="Open">off</P>
          <P Name="TiledPaperMargins">[0.500000, 0.500000, 0.500000, 0.500000]</P>
          <P Name="ZoomFactor">100</P>
        </System>
      </Block>
      <Block BlockType="Terminator" Name="Terminator" SID="47">
        <P Name="Position">[135, 25, 155, 45]</P>
        <P Name="ZOrder">-7</P>
        <P Name="ShowName">off</P>
      </Block>
      <Line>
        <P Name="ZOrder">1</P>
        <P Name="Src">33#out:1</P>
        <P Name="Dst">47#in:1</P>
      </Line>
      <Line>
        <P Name="ZOrder">2</P>
        <P Name="Src">25#out:1</P>
        <P Name="Points">[15, 0]</P>
        <P Name="Dst">45#in:4</P>
      </Line>
      <Line>
        <P Name="ZOrder">3</P>
        <P Name="Src">25#out:2</P>
        <P Name="Dst">45#in:5</P>
      </Line>
      <Line>
        <P Name="ZOrder">4</P>
        <P Name="Src">26#out:1</P>
        <P Name="Points">[25, 0]</P>
        <Branch>
          <P Name="ZOrder">5</P>
          <P Name="Dst">1#in:1</P>
        </Branch>
        <Branch>
          <P Name="ZOrder">6</P>
          <P Name="Points">[0, 80]</P>
          <P Name="Dst">25#in:1</P>
        </Branch>
      </Line>
      <Line>
        <P Name="Name">Angle</P>
        <P Name="ZOrder">7</P>
        <P Name="Labels">[0, 0]</P>
        <P Name="Src">1#out:1</P>
        <P Name="Points">[80, 0]</P>
        <P Name="Dst">45#in:1</P>
      </Line>
      <Line>
        <P Name="Name">Position</P>
        <P Name="ZOrder">8</P>
        <P Name="Labels">[0, 0]</P>
        <P Name="Src">1#out:2</P>
        <P Name="Dst">45#in:2</P>
      </Line>
      <Line>
        <P Name="Name">Cable length</P>
        <P Name="ZOrder">9</P>
        <P Name="Labels">[0, 0]</P>
        <P Name="Src">1#out:3</P>
        <P Name="Points">[40, 0; 0, -5]</P>
        <P Name="Dst">45#in:3</P>
      </Line>
    </System>
  </Model>
</ModelInformation>
